<playlist>
	<item>
		<filename>http://www.pickleplayer.com/media/audio/mike_gieson/Blue.mp3</filename>
		<image>http://www.pickleplayer.com/media/audio/mike_gieson/Blue.jpg</image>
		<artist>Mike Gieson</artist>
		<title>Blue</title>
	</item>
	<item>
		<filename>http://www.pickleplayer.com/media/audio/mike_gieson/Ding.mp3</filename>
		<image>http://www.pickleplayer.com/media/audio/mike_gieson/Ding.jpg</image>
		<artist>Mike Gieson</artist>
		<title>Ding</title>
	</item>
	<item>
		<filename>http://www.pickleplayer.com/media/audio/mike_gieson/Saturn.mp3</filename>
		<image>http://www.pickleplayer.com/media/audio/mike_gieson/Saturn.jpg</image>
		<artist>Mike Gieson</artist>
		<title>Saturn</title>
	</item>
	<item>
		<filename>http://www.pickleplayer.com/media/audio/mike_gieson/Signs.mp3</filename>
		<image>http://www.pickleplayer.com/media/audio/mike_gieson/Signs.jpg</image>
		<artist>Mike Gieson</artist>
		<title>Signs</title>
	</item>
	<item>
		<filename>http://www.pickleplayer.com/media/audio/mike_gieson/Mixer.mp3</filename>
		<image>http://www.pickleplayer.com/media/audio/mike_gieson/Mixer.jpg</image>
		<artist>Mike Gieson</artist>
		<title>Mixer</title>
	</item>
	<item>
		<filename>http://www.pickleplayer.com/media/audio/mike_gieson/Tester.mp3</filename>
		<image>http://www.pickleplayer.com/media/audio/mike_gieson/Tester.jpg</image>
		<artist>Mike Gieson</artist>
		<title>Tester</title>
	</item>
	<item>
		<filename>http://www.pickleplayer.com/media/audio/mike_gieson/Shadow.mp3</filename>
		<image>http://www.pickleplayer.com/media/audio/mike_gieson/Shadow.jpg</image>
		<artist>Mike Gieson</artist>
		<title>Shadow</title>
	</item>
	<item>
		<filename>http://www.pickleplayer.com/media/audio/mike_gieson/Snake.mp3</filename>
		<image>http://www.pickleplayer.com/media/audio/mike_gieson/Snake.jpg</image>
		<artist>Mike Gieson</artist>
		<title>Snake</title>
	</item>
	<item>
		<filename>http://www.pickleplayer.com/media/audio/mike_gieson/Night.mp3</filename>
		<image>http://www.pickleplayer.com/media/audio/mike_gieson/Night.jpg</image>
		<artist>Killeen and Gieson</artist>
		<title>Night</title>
	</item>
	<item>
		<filename>http://www.pickleplayer.com/media/audio/mike_gieson/Think.mp3</filename>
		<image>http://www.pickleplayer.com/media/audio/mike_gieson/Think.jpg</image>
		<artist>Mike Gieson</artist>
		<title>Think</title>
	</item>
	<item>
		<filename>http://www.pickleplayer.com/media/audio/mike_gieson/Alone.mp3</filename>
		<image>http://www.pickleplayer.com/media/audio/mike_gieson/Alone.jpg</image>
		<artist>Killeen and Gieson</artist>
		<title>Alone</title>
	</item>
	<item>
		<filename>http://www.pickleplayer.com/media/audio/mike_gieson/Fifty.mp3</filename>
		<image>http://www.pickleplayer.com/media/audio/mike_gieson/Fifty.jpg</image>
		<artist>Mike Gieson</artist>
		<title>Fifty</title>
	</item>
	<item>
		<filename>http://www.pickleplayer.com/media/audio/mike_gieson/Graduation.mp3</filename>
		<image>http://www.pickleplayer.com/media/audio/mike_gieson/Graduation.jpg</image>
		<artist>Killeen and Gieson</artist>
		<title>Graduation</title>
	</item>
	<item>
		<filename>http://www.pickleplayer.com/media/audio/mike_gieson/Know.mp3</filename>
		<image>http://www.pickleplayer.com/media/audio/mike_gieson/Know.jpg</image>
		<artist>Mike Gieson</artist>
		<title>Know</title>
	</item>
	<item>
		<filename>http://www.pickleplayer.com/media/audio/mike_gieson/Lost.mp3</filename>
		<image>http://www.pickleplayer.com/media/audio/mike_gieson/Lost.jpg</image>
		<artist>Mike Gieson</artist>
		<title>Lost</title>
	</item>
</playlist>
